Type,Name,Request Count,Failure Count,Median Response Time,Average Response Time,Min Response Time,Max Response Time,Average Content Size,Requests/s,Failures/s,50.0%,66.0%,75.0%,80.0%,90.0%,95.0%,98.0%,99.0%,99.9%,100.0%,100.0%
POST,Create Session,5,0,270.0,324.7454600000000,251.88321300000001,426.6152790000000,299.0,0.08644700000000000,0.0,270,410,410,430,430,430,430,430,430,430,430
GET,Get Posts,36,0,110.0,154.73844199999999,107.43862799999999,495.10197099999999,27520.0,0.6224170000000000,0.0,110,110,120,120,400,410,500,500,500,500,500
GET,Get System Info,86,0,140.0,161.89961299999999,114.42719400000000,505.4257760000000,2782.0,1.4868859999999999,0.0,140,140,150,170,240,290,420,510,510,510,510
GET,Get Weather,30,0,1300.0,2473.5512349999999,651.822791000000,7913.4313210000000,50697.0,0.5186809999999999,0.0,1400,1900,4300,5700,6200,6500,7900,7900,7900,7900,7900
,Aggregated,157,0,140.0,607.1606050000000,107.43862799999999,7913.4313210000000,17531.063694000000,2.714432000000000,0.0,140,230,330,500,1300,4300,6000,6500,7900,7900,7900

